-- 1. Geographic Zones (Zonas Geográficas)
INSERT INTO GeographicZone (id_geo_zone, designation)
VALUES (1, 'Lisboa'),
       (2, 'Porto'), -- query 2.5
       (3, 'Braga'),
       (4, 'Coimbra'),
       (5, 'Setubal'),
       (6, 'Evora'),
       (7, 'Aveiro'),
       (8, 'Faro'),
       (9, 'Guimaraes'),
       (10, 'Castelo Branco'),
       (11, 'Elvas'),
       (12, 'Vila Nova de Gaia'),
       (13, 'Peniche'),
       (14, 'Leiria'),
       (15, 'Tavira'),
       (16, 'Portimao'),
       (17, 'Ilhavo'),
       (18, 'Funchal'),
       (19, 'Cascais'),
       (20, 'Beja'),
       (21, 'Lagos'),
       (22, 'Fatima'),
       (23, 'Peso da Regua'),
       (24, 'Sintra'),
       (25, 'Maia'),
       (26, 'Matosinhos'),
       (27, 'Ponta Delgada'),
       (28, 'Almada'),
       (29, 'Portalegre'),
       (30, 'Penafiel');
GO

-- 2. Carriers (Transportadoras)
INSERT INTO Carrier (carrier_id, name, nif, phone, cost_per_hour)
VALUES (1, 'Transportes Rápidos SA', '500100100', '910000001', 50.00),
       (2, 'Leva Tudo Lda', '500100200', '910000002', 20.00),
       (3, 'Jato Logística', '500100300', '910000003', 100.00),
       (4, 'Entrega Ecológica', '500100400', '910000004', 30.00),
       (5, 'Cargas Pesadas', '500100500', '910000005', 80.00),
       (6, 'TransA', '500100006', '910000006', 40),
       (7, 'TransB', '500100007', '910000007', 40),
       (8, 'TransC', '500100008', '910000008', 45),
       (9, 'TransD', '500100009', '910000009', 45),
       (10, 'TransE', '500100010', '910000010', 50),
       (11, 'TransF', '500100011', '910000011', 50),
       (12, 'TransG', '500100012', '910000012', 55),
       (13, 'TransH', '500100013', '910000013', 55),
       (14, 'TransI', '500100014', '910000014', 60),
       (15, 'TransJ', '500100015', '910000015', 60),
       (16, 'TransK', '500100016', '910000016', 65),
       (17, 'TransL', '500100017', '910000017', 65),
       (18, 'TransM', '500100018', '910000018', 70),
       (19, 'TransN', '500100019', '910000019', 70),
       (20, 'TransO', '500100020', '910000020', 75),
       (21, 'TransP', '500100021', '910000021', 75),
       (22, 'TransQ', '500100022', '910000022', 80),
       (23, 'TransR', '500100023', '910000023', 80),
       (24, 'TransS', '500100024', '910000024', 85),
       (25, 'TransT', '500100025', '910000025', 85),
       (26, 'TransU', '500100026', '910000026', 90),
       (27, 'TransV', '500100027', '910000027', 90),
       (28, 'TransW', '500100028', '910000028', 95),
       (29, 'TransX', '500100029', '910000029', 95),
       (30, 'TransY', '500100030', '910000030', 100);
GO

-- 3. Warehouses (Armazéns)
INSERT INTO Warehouse (warehouse_id, name, address, latitude, longitude, id_geo_zone)
VALUES (1, 'Armazém Central do Porto', 'Rua do Porto 1', 41.15, -8.62, 2), -- query 2.5
       (2, 'XPTO', 'Rua Secreta 99', 40.00, -8.00, 1),                     -- query 2.3
       (3, 'Centro Lisboa', 'Av da Liberdade', 38.72, -9.14, 1),
       (4, 'Armazém Braga', 'Rua de Braga', 41.54, -8.42, 3),
       (5, 'Distribuição Faro', 'Rua do Algarve', 37.01, -7.93, 8),
       (6, 'Armazém 6', 'Morada 6', 0, 0, 1),
       (7, 'Armazém 7', 'Morada 7', 0, 0, 1),
       (8, 'Armazém 8', 'Morada 8', 0, 0, 2),
       (9, 'Armazém 9', 'Morada 9', 0, 0, 2),
       (10, 'Armazém 10', 'Morada 10', 0, 0, 3),
       (11, 'Armazém 11', 'Morada 11', 0, 0, 3),
       (12, 'Armazém 12', 'Morada 12', 0, 0, 4),
       (13, 'Armazém 13', 'Morada 13', 0, 0, 4),
       (14, 'Armazém 14', 'Morada 14', 0, 0, 5),
       (15, 'Armazém 15', 'Morada 15', 0, 0, 5),
       (16, 'Armazém 16', 'Morada 16', 0, 0, 6),
       (17, 'Armazém 17', 'Morada 17', 0, 0, 6),
       (18, 'Armazém 18', 'Morada 18', 0, 0, 7),
       (19, 'Armazém 19', 'Morada 19', 0, 0, 7),
       (20, 'Armazém 20', 'Morada 20', 0, 0, 8),
       (21, 'Armazém 21', 'Morada 21', 0, 0, 8),
       (22, 'Armazém 22', 'Morada 22', 0, 0, 9),
       (23, 'Armazém 23', 'Morada 23', 0, 0, 9),
       (24, 'Armazém 24', 'Morada 24', 0, 0, 10),
       (25, 'Armazém 25', 'Morada 25', 0, 0, 10),
       (26, 'Armazém 26', 'Morada 26', 0, 0, 11),
       (27, 'Armazém 27', 'Morada 27', 0, 0, 11),
       (28, 'Armazém 28', 'Morada 28', 0, 0, 12),
       (29, 'Armazém 29', 'Morada 29', 0, 0, 12),
       (30, 'Armazém 30', 'Morada 30', 0, 0, 13);
GO

-- 4. Physical Zones (Zonas Físicas)
INSERT INTO PhysicalZone (physical_zone_id, warehouse_id, designation, capacity_volume)
VALUES (1, 2, 'Z1 XPTO', 100.00),
       (2, 2, 'Z2 XPTO', 500.00),
       (3, 1, 'Z1 Porto', 1000.00),
       (4, 1, 'Z2 Porto', 1000.00),
       (5, 3, 'Z1 Lisboa', 200),
       (6, 3, 'Z2 Lisboa', 200),
       (7, 4, 'Z1 Braga', 300),
       (8, 4, 'Z2 Braga', 300),
       (9, 5, 'Z1 Faro', 400),
       (10, 5, 'Z2 Faro', 400),
       (11, 6, 'Z1 WH6', 100),
       (12, 6, 'Z2 WH6', 100),
       (13, 7, 'Z1 WH7', 100),
       (14, 7, 'Z2 WH7', 100),
       (15, 8, 'Z1 WH8', 100),
       (16, 8, 'Z2 WH8', 100),
       (17, 9, 'Z1 WH9', 100),
       (18, 9, 'Z2 WH9', 100),
       (19, 10, 'Z1 WH10', 100),
       (20, 10, 'Z2 WH10', 100),
       (21, 11, 'Z1 WH11', 100),
       (22, 11, 'Z2 WH11', 100),
       (23, 12, 'Z1 WH12', 100),
       (24, 12, 'Z2 WH12', 100),
       (25, 13, 'Z1 WH13', 100),
       (26, 13, 'Z2 WH13', 100),
       (27, 14, 'Z1 WH14', 100),
       (28, 14, 'Z2 WH14', 100),
       (29, 15, 'Z1 WH15', 100),
       (30, 15, 'Z2 WH15', 100),
       (31, 2, 'Zona Pequena XPTO', 1.00); -- zona pequena para teste de capacidade
GO

-- 5. Employees (Funcionários)
INSERT INTO Employee (employee_id, citizen_card, name, address, tax_id, monthly_salary, category, birth_date,
                      warehouse_id, supervisor_id, id_geo_zone)
VALUES (1, '10000001', 'Diogo', 'Rua 1', '200000001', 2500.00, 'Gerente', '1970-01-01', 1, NULL, 4),
       (2, '10000002', 'Andre', 'Rua 2', '200000002', 1500.00, 'Gerente de Logistica', '1975-01-01', 1, 1, 4),
       (3, '10000003', 'Miguel', 'Rua 3', '200000003', 800.00, 'Fiel de Armazem', '1990-01-01', 1, 1, 4),
       (4, '10000004', 'Afonso', 'Rua 4', '200000004', 800.00, 'Motorista', '1992-01-01', 1, 2, 4),
       (5, '10000005', 'Joao', 'Rua 5', '200000005', 800.00, 'Motorista', '1993-01-01', 1, 2, 4),
       (6, '10000006', 'Lucas', 'Rua 6', '200000006', 800.00, 'Motorista', '1994-01-01', 1, 2, 4),
       (7, '10000007', 'Vitor', 'Rua 7', '200000007', 800.00, 'Motorista', '1995-01-01', 1, 2, 4),
       (8, '10000008', 'Vasco', 'Rua 8', '200000008', 900.00, 'Vendedor', '1990-01-01', 1, 1, 1),
       (9, '10000009', 'Francisco', 'Rua 9', '200000009', 900.00, 'Vendedor', '1990-01-01', 2, 1, 1),
       (10, '10000010', 'Guilherme', 'Rua 10', '200000010', 900.00, 'Vendedor', '1990-01-01', 3, 1, 9),
       (11, '10000011', 'Ze', 'Rua 11', '200000011', 950.00, 'Motorista', '1995-05-05', 1, 2, 4),
       (12, '10000012', 'Martim', 'Rua 12', '200000012', 800, 'Vendedor', '1990-01-01', 4, 1, 6),
       (13, '10000013', 'Ricky', 'Rua 13', '200000013', 800, 'Vendedor', '1990-01-01', 5, 1, 10),
       (14, '10000014', 'Alex', 'Rua 14', '200000014', 800, 'Vendedor', '1990-01-01', 6, 1, 1),
       (15, '10000015', 'Dinis', 'Rua 15', '200000015', 800, 'Vendedor', '1990-01-01', 7, 1, 1),
       (16, '10000016', 'Marinheiro', 'Rua 16', '200000016', 800, 'Vendedor', '1990-01-01', 8, 1, 2),
       (17, '10000017', 'Rodrigo', 'Rua 17', '200000017', 800, 'Vendedor', '1990-01-01', 9, 1, 2),
       (18, '10000018', 'Ruben', 'Rua 18', '200000018', 800, 'Vendedor', '1990-01-01', 10, 1, 3),
       (19, '10000019', 'Tiago', 'Rua 19', '200000019', 800, 'Vendedor', '1990-01-01', 11, 1, 3),
       (20, '10000020', 'Pedro', 'Rua 20', '200000020', 800, 'Vendedor', '1990-01-01', 12, 1, 4),
       (21, '10000021', 'Benedita', 'Rua 21', '200000021', 800, 'Vendedor', '1990-01-01', 13, 1, 4),
       (22, '10000022', 'Luis', 'Rua 22', '200000022', 800, 'Motorista', '1990-01-01', 14, 2, 5),
       (23, '10000023', 'Mario', 'Rua 23', '200000023', 800, 'Motorista', '1990-01-01', 15, 2, 5),
       (24, '10000024', 'Amanda', 'Rua 24', '200000024', 800, 'Motorista', '1990-01-01', 16, 2, 6),
       (25, '10000025', 'Aurora', 'Rua 25', '200000025', 800, 'Motorista', '1990-01-01', 17, 2, 6),
       (26, '10000026', 'Mariana', 'Rua 26', '200000026', 800, 'Motorista', '1990-01-01', 18, 2, 7),
       (27, '10000027', 'Paulo', 'Rua 27', '200000027', 800, 'Motorista', '1990-01-01', 19, 2, 7),
       (28, '10000028', 'Rocha', 'Rua 28', '200000028', 800, 'Motorista', '1990-01-01', 20, 2, 8),
       (29, '10000029', 'Paula', 'Rua 29', '200000029', 800, 'Vendedor', '1990-01-01', 21, 1, 8),
       (30, '10000030', 'Teresa', 'Rua 30', '200000030', 800, 'Vendedor', '1990-01-01', 22, 1, 9);
GO

-- 6. Customers (Clientes)
INSERT INTO Customer (customer_id, name, address, zip_code, mobile, tax_id, type_class, id_geo_zone)
VALUES (1, 'José Silva', 'Rua 31', '4400-001', '911111101', '210000001', 'VIP', 12),
       (2, 'Maria Santos', 'Rua 32', '4700-002', '911111102', '210000002', 'Normal', 3),
       (3, 'Cliente 3', 'Rua 33', '1000-111', '911111103', '210000003', 'VIP', 1),
       (4, 'Cliente 4', 'Rua 34', '2000-111', '911111104', '210000004', 'Normal', 5),
       (5, 'Cliente 5', 'Rua 35', '3000-111', '911111105', '210000005', 'Normal', 4),
       (6, 'Cliente 6', 'Rua 36', '8000-111', '911111106', '210000006', 'Normal', 8),
       (7, 'Cliente 7', 'Rua 37', '9000-111', '911111107', '210000007', 'Normal', 18),
       (8, 'Cliente 8', 'Rua 38', '4450-111', '911111108', '210000008', 'Normal', 26),
       (9, 'Cliente 9', 'Rua 39', '2710-111', '911111109', '210000009', 'Normal', 24),
       (10, 'Cliente 10', 'Rua 40', '4470-111', '911111110', '210000010', 'Normal', 25),
       (11, 'Cliente 11', 'Rua 41', '7350-111', '911111111', '210000011', 'Normal', 11),
       (12, 'Cliente 12', 'Rua 42', '7800-111', '911111112', '210000012', 'Normal', 20),
       (13, 'Cliente 13', 'Rua 43', '8600-111', '911111113', '210000013', 'Normal', 21),
       (14, 'Cliente 14', 'Rua 44', '4800-111', '911111114', '210000014', 'Normal', 9),
       (15, 'Cliente 15', 'Rua 45', '6000-111', '911111115', '210000015', 'Normal', 10),
       (16, 'Cliente 16', 'Rua 46', '7350-111', '911111116', '210000016', 'Normal', 11),
       (17, 'Cliente 17', 'Rua 47', '4430-111', '911111117', '210000017', 'Normal', 12),
       (18, 'Cliente 18', 'Rua 48', '2520-111', '911111118', '210000018', 'Normal', 13),
       (19, 'Cliente 19', 'Rua 49', '2400-111', '911111119', '210000019', 'Normal', 14),
       (20, 'Cliente 20', 'Rua 50', '8800-111', '911111120', '210000020', 'Normal', 15),
       (21, 'Cliente 21', 'Rua 51', '8700-111', '911111121', '210000021', 'Normal', 16),
       (22, 'Cliente 22', 'Rua 52', '3830-111', '911111122', '210000022', 'Normal', 17),
       (23, 'Cliente 23', 'Rua 53', '9000-111', '911111123', '210000023', 'Normal', 18),
       (24, 'Cliente 24', 'Rua 54', '2720-111', '911111124', '210000024', 'Normal', 19),
       (25, 'Cliente 25', 'Rua 55', '7800-111', '911111125', '210000025', 'Normal', 20),
       (26, 'Cliente 26', 'Rua 56', '8600-111', '911111126', '210000026', 'Normal', 21),
       (27, 'Cliente 27', 'Rua 57', '2495-111', '911111127', '210000027', 'Normal', 22),
       (28, 'Cliente 28', 'Rua 58', '5050-111', '911111128', '210000028', 'Normal', 23),
       (29, 'Cliente 29', 'Rua 59', '2710-111', '911111129', '210000029', 'Normal', 24),
       (30, 'Cliente 30', 'Rua 60', '4470-111', '911111130', '210000030', 'Normal', 25);
GO

-- 7. Products (Artigos)
INSERT INTO Product (product_ref, name, description, purchase_price, current_sell_price, unit_type)
VALUES (1, 'Martelo', 'Martelo pesado', 5.00, 10.00, 'unidade'),
       (2, 'Caixa de Pregos', 'Caixa de 100', 1.00, 2.50, 'caixa'),
       (3, 'Tinta Azul', 'Lata de 5L', 15.00, 30.00, 'lata'),
       (99, 'Produto espetacular.', 'Muito espetacular', 500.00, 1000.00, 'unidade'), -- query 2.6
       (4, 'Prod 4', 'Desc', 10, 20, 'unidade'),
       (5, 'Prod 5', 'Desc', 10, 20, 'unidade'),
       (6, 'Prod 6', 'Desc', 10, 20, 'unidade'),
       (7, 'Prod 7', 'Desc', 10, 20, 'unidade'),
       (8, 'Prod 8', 'Desc', 10, 20, 'unidade'),
       (9, 'Prod 9', 'Desc', 10, 20, 'unidade'),
       (10, 'Prod 10', 'Desc', 10, 20, 'unidade'),
       (11, 'Prod 11', 'Desc', 10, 20, 'unidade'),
       (12, 'Prod 12', 'Desc', 10, 20, 'unidade'),
       (13, 'Prod 13', 'Desc', 10, 20, 'unidade'),
       (14, 'Prod 14', 'Desc', 10, 20, 'unidade'),
       (15, 'Prod 15', 'Desc', 10, 20, 'unidade'),
       (16, 'Prod 16', 'Desc', 10, 20, 'unidade'),
       (17, 'Prod 17', 'Desc', 10, 20, 'unidade'),
       (18, 'Prod 18', 'Desc', 10, 20, 'unidade'),
       (19, 'Prod 19', 'Desc', 10, 20, 'unidade'),
       (20, 'Prod 20', 'Desc', 10, 20, 'unidade'),
       (21, 'Prod 21', 'Desc', 10, 20, 'unidade'),
       (22, 'Prod 22', 'Desc', 10, 20, 'unidade'),
       (23, 'Prod 23', 'Desc', 10, 20, 'unidade'),
       (24, 'Prod 24', 'Desc', 10, 20, 'unidade'),
       (25, 'Prod 25', 'Desc', 10, 20, 'unidade'),
       (26, 'Prod 26', 'Desc', 10, 20, 'unidade'),
       (27, 'Prod 27', 'Desc', 10, 20, 'unidade'),
       (28, 'Prod 28', 'Desc', 10, 20, 'unidade'),
       (29, 'Prod 29', 'Desc', 10, 20, 'unidade'),
       (30, 'Prod 30', 'Desc', 10, 20, 'unidade');
GO

-- 8. Price History (Histórico de Preços)
INSERT INTO PriceHistory (history_id, product_ref, sell_price, start_date, end_date)
VALUES (1, 1, 9.00, '2020-01-01', '2024-01-01'),
       (2, 1, 10.00, '2024-01-02', NULL),
       (3, 2, 2.00, '2020-01-01', NULL),
       (4, 3, 28.00, '2020-01-01', NULL),
       (5, 4, 19.00, '2020-01-01', NULL),
       (6, 5, 19.00, '2020-01-01', NULL),
       (7, 6, 19.00, '2020-01-01', NULL),
       (8, 7, 19.00, '2020-01-01', NULL),
       (9, 8, 19.00, '2020-01-01', NULL),
       (10, 9, 19.00, '2020-01-01', NULL),
       (11, 10, 19.00, '2020-01-01', NULL),
       (12, 11, 19.00, '2020-01-01', NULL),
       (13, 12, 19.00, '2020-01-01', NULL),
       (14, 13, 19.00, '2020-01-01', NULL),
       (15, 14, 19.00, '2020-01-01', NULL),
       (16, 15, 19.00, '2020-01-01', NULL),
       (17, 16, 19.00, '2020-01-01', NULL),
       (18, 17, 19.00, '2020-01-01', NULL),
       (19, 18, 19.00, '2020-01-01', NULL),
       (20, 19, 19.00, '2020-01-01', NULL),
       (21, 20, 19.00, '2020-01-01', NULL),
       (22, 21, 19.00, '2020-01-01', NULL),
       (23, 22, 19.00, '2020-01-01', NULL),
       (24, 23, 19.00, '2020-01-01', NULL),
       (25, 24, 19.00, '2020-01-01', NULL),
       (26, 25, 19.00, '2020-01-01', NULL),
       (27, 26, 19.00, '2020-01-01', NULL),
       (28, 27, 19.00, '2020-01-01', NULL),
       (29, 28, 19.00, '2020-01-01', NULL),
       (30, 29, 19.00, '2020-01-01', NULL),
       (31, 30, 19.00, '2020-01-01', NULL);
GO

-- 9. Warehouse Stock Definitions (Definição Stock)
INSERT INTO WarehouseStockDefinition (warehouse_id, product_ref, min_stock)
VALUES (1, 1, 10),
       (1, 2, 20),
       (2, 1, 5),
       (2, 99, 1),
       (3, 1, 10),
       (3, 2, 10),
       (3, 3, 10),
       (4, 1, 10),
       (4, 4, 10),
       (5, 1, 10),
       (5, 5, 10),
       (6, 1, 10),
       (6, 6, 10),
       (7, 1, 10),
       (8, 1, 10),
       (9, 1, 10),
       (10, 1, 10),
       (11, 1, 10),
       (12, 1, 10),
       (13, 1, 10),
       (14, 1, 10),
       (15, 1, 10),
       (16, 1, 10),
       (17, 1, 10),
       (18, 1, 10),
       (19, 1, 10),
       (20, 1, 10),
       (21, 1, 10),
       (22, 1, 10),
       (23, 1, 10),
       (24, 1, 10),
       (25, 1, 10),
       (26, 1, 10),
       (27, 1, 10);
GO

-- 10. Stock (Quantidade em Zonas)
-- Query 2.2: adicionar stock para 'Centro Lisboa' (WH 3) e 'Armazém Braga' (WH 4) para terem os mesmos produtos que 'Armazém Central do Porto' (WH 1)
-- Query 2.4: fazer com que a zona 11 ('Z1 WH6') atinja a sua capacidade máxima de 100.
-- Query 2.7: product 1 in Warehouse 1 has 20 units (Min is 10). 20 >= 10 + (10*0.5) -> 20 >= 15. TRUE.
INSERT INTO Stock (physical_zone_id, product_ref, quantity)
VALUES (3, 1, 20),
       (1, 1, 100),
       (1, 99, 10),
       (2, 1, 0),
       (3, 2, 50),
       (4, 1, 5),
       (4, 2, 5),
       (5, 1, 50),
       (6, 1, 50),
       (7, 1, 50),
       (8, 1, 50),
       (9, 1, 50),
       (10, 1, 50),
       (11, 1, 100),
       (12, 1, 50),
       (13, 1, 50),
       (14, 1, 50),
       (15, 1, 50),
       (16, 1, 50),
       (17, 1, 50),
       (18, 1, 50),
       (19, 1, 50),
       (20, 1, 50),
       (21, 1, 50),
       (22, 1, 50),
       (23, 1, 50),
       (24, 1, 50),
       (25, 1, 50),
       (26, 1, 50),
       (27, 1, 50),
       (28, 1, 50),
       (29, 1, 50),
       (30, 1, 50),
       (5, 2, 10), -- query 2.2
       (7, 2, 10); -- query 2.2
GO

-- 11. Sales Orders (Encomendas)
INSERT INTO SalesOrder (order_id, registration_date, customer_id, salesperson_id, status)
VALUES (1, '2015-05-01', 1, 8, 'Processada'),
       (2, '2015-06-01', 1, 9, 'Processada'),
       (3, '2018-06-01', 1, 10, 'Processada'),
       (4, '2018-04-01', 2, 12, 'Pendente'),
       (5, '2019-01-01', 1, 13, 'Processada'),
       (6, '2019-02-01', 1, 14, 'Processada'),
       (7, '2024-01-01', 3, 15, 'Processada'),
       (8, '2024-01-01', 3, 16, 'Processada'),
       (9, '2024-01-01', 3, 17, 'Processada'),
       (10, '2024-01-01', 3, 18, 'Processada'),
       (11, '2024-01-01', 3, 19, 'Processada'),
       (12, '2024-01-01', 3, 20, 'Processada'),
       (13, '2024-01-01', 3, 21, 'Processada'),
       (14, '2024-01-01', 3, 29, 'Processada'),
       (15, '2024-01-01', 3, 30, 'Processada'),
       (16, '2024-01-01', 3, 8, 'Processada'),
       (17, '2024-01-01', 3, 9, 'Processada'),
       (18, '2024-01-01', 3, 10, 'Processada'),
       (19, '2024-01-01', 3, 12, 'Processada'),
       (20, '2024-01-01', 3, 13, 'Processada'),
       (21, '2024-01-01', 3, 14, 'Processada'),
       (22, '2024-01-01', 3, 15, 'Processada'),
       (23, '2024-01-01', 3, 16, 'Processada'),
       (24, '2024-01-01', 3, 17, 'Processada'),
       (25, '2024-01-01', 3, 18, 'Processada'),
       (26, '2024-01-01', 3, 19, 'Processada'),
       (27, '2024-01-01', 3, 20, 'Processada'),
       (28, '2024-01-01', 3, 21, 'Processada'),
       (29, '2024-01-01', 3, 29, 'Processada'),
       (30, '2024-01-01', 3, 30, 'Processada');
GO

-- 12. Sales Order Lines (Linhas de Encomenda)
INSERT INTO SalesOrderLine (order_id, product_ref, quantity)
VALUES (1, 99, 2),
       (2, 1, 101), -- query 2.6
       (3, 1, 5),
       (5, 1, 5),
       (7, 1, 1),
       (8, 1, 1),
       (9, 1, 1),
       (10, 1, 1),
       (11, 1, 1),
       (12, 1, 1),
       (13, 1, 1),
       (14, 1, 1),
       (15, 1, 1),
       (16, 1, 1),
       (17, 1, 1),
       (18, 1, 1),
       (19, 1, 1),
       (20, 1, 1),
       (21, 1, 1),
       (22, 1, 1),
       (23, 1, 1),
       (24, 1, 1),
       (25, 1, 1),
       (26, 1, 1),
       (27, 1, 1),
       (28, 1, 1),
       (29, 1, 1),
       (30, 1, 1),
       (6, 1, 1),
       (4, 1, 1);
GO

-- 13. Dispatch Notes (Guias de Saída)
-- Query 2.9: June-Aug 2018, Time < 10am, Gap > 10 days.
INSERT INTO DispatchNote (dispatch_id, creation_date, creation_time, resp_employee_id, order_id)
VALUES (1, '2018-06-15', '09:00', 3, 3),
       (2, '2019-01-02', '14:00', 3, 5),
       (3, '2024-01-02', '10:00', 4, 7),
       (4, '2024-01-02', '10:00', 4, 8),
       (5, '2024-01-02', '10:00', 4, 9),
       (6, '2024-01-02', '10:00', 4, 10),
       (7, '2024-01-02', '10:00', 4, 11),
       (8, '2024-01-02', '10:00', 4, 12),
       (9, '2024-01-02', '10:00', 4, 13),
       (10, '2024-01-02', '10:00', 4, 14),
       (11, '2024-01-02', '10:00', 4, 15),
       (12, '2024-01-02', '10:00', 4, 16),
       (13, '2024-01-02', '10:00', 4, 17),
       (14, '2024-01-02', '10:00', 4, 18),
       (15, '2024-01-02', '10:00', 4, 19),
       (16, '2024-01-02', '10:00', 4, 20),
       (17, '2024-01-02', '10:00', 4, 21),
       (18, '2024-01-02', '10:00', 4, 22),
       (19, '2024-01-02', '10:00', 4, 23),
       (20, '2024-01-02', '10:00', 4, 24),
       (21, '2024-01-02', '10:00', 4, 25),
       (22, '2024-01-02', '10:00', 4, 26),
       (23, '2024-01-02', '10:00', 4, 27),
       (24, '2024-01-02', '10:00', 4, 28),
       (25, '2024-01-02', '10:00', 4, 29),
       (26, '2024-01-02', '10:00', 4, 30),
       (27, '2024-01-02', '10:00', 4, 1),
       (28, '2024-01-02', '10:00', 4, 2),
       (29, '2024-01-02', '10:00', 4, 5),
       (30, '2024-01-02', '10:00', 4, 6);
GO

-- 14. Dispatch Note Lines (Linhas de Guia)
INSERT INTO DispatchNoteLine (dispatch_id, product_ref, physical_zone_id, quantity)
VALUES (1, 1, 3, 5),
       (2, 1, 3, 5),
       (3, 1, 4, 1),
       (4, 1, 4, 1),
       (5, 1, 4, 1),
       (6, 1, 4, 1),
       (7, 1, 4, 1),
       (8, 1, 4, 1),
       (9, 1, 4, 1),
       (10, 1, 4, 1),
       (11, 1, 4, 1),
       (12, 1, 4, 1),
       (13, 1, 4, 1),
       (14, 1, 4, 1),
       (15, 1, 4, 1),
       (16, 1, 4, 1),
       (17, 1, 4, 1),
       (18, 1, 4, 1),
       (19, 1, 4, 1),
       (20, 1, 4, 1),
       (21, 1, 4, 1),
       (22, 1, 4, 1),
       (23, 1, 4, 1),
       (24, 1, 4, 1),
       (25, 1, 4, 1),
       (26, 1, 4, 1),
       (27, 1, 4, 1),
       (28, 1, 4, 1),
       (29, 1, 4, 1),
       (30, 1, 4, 1);
GO

-- 15. Transports (Transportes)
INSERT INTO Transport (transport_id, carrier_id, dispatch_id, transport_datetime, hours_used)
VALUES (1, 1, 1, '2018-06-15 10:00:00', 2.5),
       (2, 1, 2, '2019-01-02 15:00:00', 1.0),
       (3, 2, 3, '2024-01-02 11:00:00', 1),
       (4, 2, 4, '2024-01-02 11:00:00', 1),
       (5, 2, 5, '2024-01-02 11:00:00', 1),
       (6, 2, 6, '2024-01-02 11:00:00', 1),
       (7, 2, 7, '2024-01-02 11:00:00', 1),
       (8, 2, 8, '2024-01-03 09:30:00', 1),
       (9, 2, 9, '2024-01-03 09:30:00', 1),
       (10, 2, 10, '2024-01-03 09:30:00', 1),
       (11, 2, 11, '2024-01-03 14:00:00', 1),
       (12, 2, 12, '2024-01-03 14:00:00', 1),
       (13, 2, 13, '2024-01-04 10:00:00', 1),
       (14, 2, 14, '2024-01-04 10:00:00', 1),
       (15, 2, 15, '2024-01-04 10:00:00', 1),
       (16, 2, 16, '2024-01-04 15:00:00', 1),
       (17, 2, 17, '2024-01-04 15:00:00', 1),
       (18, 2, 18, '2024-01-05 10:00:00', 1),
       (19, 2, 19, '2024-01-05 10:00:00', 1),
       (20, 2, 20, '2024-01-05 10:00:00', 1),
       (21, 2, 21, '2024-01-05 16:00:00', 1),
       (22, 2, 22, '2024-01-05 16:00:00', 1),
       (23, 2, 23, '2024-01-06 10:00:00', 1),
       (24, 2, 24, '2024-01-06 10:00:00', 1),
       (25, 2, 25, '2024-01-06 10:00:00', 1),
       (26, 2, 26, '2024-01-06 17:00:00', 1),
       (27, 2, 27, '2024-01-06 17:00:00', 1),
       (28, 2, 28, '2024-01-07 10:00:00', 1),
       (29, 2, 29, '2024-01-07 10:00:00', 1),
       (30, 2, 30, '2024-01-07 10:00:00', 1);
GO