-- 1. Geographic Zones (Zonas Geográficas)
-- 'Porto' is essential for Query 2.5
INSERT INTO GeographicZone (id_geo_zone, designation)
VALUES (1, 'Norte'),
       (2, 'Centro'),
       (3, 'Sul'),
       (4, 'Porto'),
       (5, 'Ilhas'),
       (6, 'Braga'),
       (7, 'Aveiro'),
       (8, 'Coimbra'),
       (9, 'Lisboa'),
       (10, 'Faro'),
       (11, 'Vila Real'),
       (12, 'Viseu'),
       (13, 'Guarda'),
       (14, 'Leiria'),
       (15, 'Santarém'),
       (16, 'Setúbal'),
       (17, 'Beja'),
       (18, 'Évora'),
       (19, 'Portalegre'),
       (20, 'Castelo Branco'),
       (21, 'Madeira'),
       (22, 'Açores'),
       (23, 'Douro'),
       (24, 'Minho'),
       (25, 'Alentejo'),
       (26, 'Algarve'),
       (27, 'Ribatejo'),
       (28, 'Oeste'),
       (29, 'Grande Porto'),
       (30, 'Grande Lisboa');
GO

-- 2. Carriers (Transportadoras)
INSERT INTO Carrier (carrier_id, name, nif, phone, cost_per_hour)
VALUES (1, 'Transportes Rápidos SA', '500100100', '910000001', 50.00),
       (2, 'Leva Tudo Lda', '500100200', '910000002', 20.00),
       (3, 'Jato Logística', '500100300', '910000003', 100.00),
       (4, 'Entrega Ecológica', '500100400', '910000004', 30.00),
       (5, 'Cargas Pesadas', '500100500', '910000005', 80.00),
       (6, 'TransA', '500100006', '910000006', 40),
       (7, 'TransB', '500100007', '910000007', 40),
       (8, 'TransC', '500100008', '910000008', 45),
       (9, 'TransD', '500100009', '910000009', 45),
       (10, 'TransE', '500100010', '910000010', 50),
       (11, 'TransF', '500100011', '910000011', 50),
       (12, 'TransG', '500100012', '910000012', 55),
       (13, 'TransH', '500100013', '910000013', 55),
       (14, 'TransI', '500100014', '910000014', 60),
       (15, 'TransJ', '500100015', '910000015', 60),
       (16, 'TransK', '500100016', '910000016', 65),
       (17, 'TransL', '500100017', '910000017', 65),
       (18, 'TransM', '500100018', '910000018', 70),
       (19, 'TransN', '500100019', '910000019', 70),
       (20, 'TransO', '500100020', '910000020', 75),
       (21, 'TransP', '500100021', '910000021', 75),
       (22, 'TransQ', '500100022', '910000022', 80),
       (23, 'TransR', '500100023', '910000023', 80),
       (24, 'TransS', '500100024', '910000024', 85),
       (25, 'TransT', '500100025', '910000025', 85),
       (26, 'TransU', '500100026', '910000026', 90),
       (27, 'TransV', '500100027', '910000027', 90),
       (28, 'TransW', '500100028', '910000028', 95),
       (29, 'TransX', '500100029', '910000029', 95),
       (30, 'TransY', '500100030', '910000030', 100);
GO

-- 3. Warehouses (Armazéns)
-- Requirements:
-- 1. One named 'XPTO' (Query 2.3)
-- 2. One in 'Porto' (Query 2.5)
INSERT INTO Warehouse (warehouse_id, name, address, latitude, longitude, id_geo_zone)
VALUES (1, 'Armazém Central Porto', 'Rua do Porto 1', 41.15, -8.62, 4),
       (2, 'XPTO', 'Rua Secreta 99', 40.00, -8.00, 1),
       (3, 'Centro Lisboa', 'Av da Liberdade', 38.72, -9.14, 9),
       (4, 'Armazém Braga', 'Rua de Braga', 41.54, -8.42, 6),
       (5, 'Distribuição Faro', 'Rua do Algarve', 37.01, -7.93, 10),
       (6, 'Armazém 6', 'Morada 6', 0, 0, 1),
       (7, 'Armazém 7', 'Morada 7', 0, 0, 1),
       (8, 'Armazém 8', 'Morada 8', 0, 0, 2),
       (9, 'Armazém 9', 'Morada 9', 0, 0, 2),
       (10, 'Armazém 10', 'Morada 10', 0, 0, 3),
       (11, 'Armazém 11', 'Morada 11', 0, 0, 3),
       (12, 'Armazém 12', 'Morada 12', 0, 0, 4),
       (13, 'Armazém 13', 'Morada 13', 0, 0, 4),
       (14, 'Armazém 14', 'Morada 14', 0, 0, 5),
       (15, 'Armazém 15', 'Morada 15', 0, 0, 5),
       (16, 'Armazém 16', 'Morada 16', 0, 0, 6),
       (17, 'Armazém 17', 'Morada 17', 0, 0, 6),
       (18, 'Armazém 18', 'Morada 18', 0, 0, 7),
       (19, 'Armazém 19', 'Morada 19', 0, 0, 7),
       (20, 'Armazém 20', 'Morada 20', 0, 0, 8),
       (21, 'Armazém 21', 'Morada 21', 0, 0, 8),
       (22, 'Armazém 22', 'Morada 22', 0, 0, 9),
       (23, 'Armazém 23', 'Morada 23', 0, 0, 9),
       (24, 'Armazém 24', 'Morada 24', 0, 0, 10),
       (25, 'Armazém 25', 'Morada 25', 0, 0, 10),
       (26, 'Armazém 26', 'Morada 26', 0, 0, 11),
       (27, 'Armazém 27', 'Morada 27', 0, 0, 11),
       (28, 'Armazém 28', 'Morada 28', 0, 0, 12),
       (29, 'Armazém 29', 'Morada 29', 0, 0, 12),
       (30, 'Armazém 30', 'Morada 30', 0, 0, 13);
GO

-- 4. Physical Zones (Zonas Físicas)
INSERT INTO PhysicalZone (physical_zone_id, warehouse_id, designation, capacity_volume)
VALUES (1, 2, 'Zona A XPTO', 100.00),
       (2, 2, 'Zona B XPTO', 500.00),
       (3, 1, 'Zona Porto 1', 1000.00),
       (4, 1, 'Zona Porto 2', 1000.00),
       (5, 3, 'Lisboa Z1', 200),
       (6, 3, 'Lisboa Z2', 200),
       (7, 4, 'Braga Z1', 300),
       (8, 4, 'Braga Z2', 300),
       (9, 5, 'Faro Z1', 400),
       (10, 5, 'Faro Z2', 400),
       (11, 6, 'Z1', 100),
       (12, 6, 'Z2', 100),
       (13, 7, 'Z1', 100),
       (14, 7, 'Z2', 100),
       (15, 8, 'Z1', 100),
       (16, 8, 'Z2', 100),
       (17, 9, 'Z1', 100),
       (18, 9, 'Z2', 100),
       (19, 10, 'Z1', 100),
       (20, 10, 'Z2', 100),
       (21, 11, 'Z1', 100),
       (22, 11, 'Z2', 100),
       (23, 12, 'Z1', 100),
       (24, 12, 'Z2', 100),
       (25, 13, 'Z1', 100),
       (26, 13, 'Z2', 100),
       (27, 14, 'Z1', 100),
       (28, 14, 'Z2', 100),
       (29, 15, 'Z1', 100),
       (30, 15, 'Z2', 100),
       (31, 2, 'Zona Pequena XPTO', 1.00); -- Zona pequena para teste de capacidade
GO

-- 5. Employees (Funcionários)
-- Categories: 'Gerente', 'Vendedor', etc.
-- Query 2.8 requires distinct categories and supervisors with age/category logic.
INSERT INTO Employee (employee_id, citizen_card, name, address, tax_id, monthly_salary, category, birth_date,
                      warehouse_id, supervisor_id, id_geo_zone)
VALUES (1, '10000001', 'Super Mário', 'Rua 1', '200000001', 2500.00, 'Gerente', '1970-01-01', 1, NULL, 4),
       (2, '10000002', 'Super Luís', 'Rua 2', '200000002', 1500.00, 'Chefe de Vendas', '1975-01-01', 1, NULL, 4),
       (3, '10000003', 'Manuel Antunes', 'Morada', '200000003', 800.00, 'Gerente', '1990-01-01', 1, 1, 4),
       (4, '10000004', 'Berta Silva', 'Morada', '200000004', 800.00, 'Chefe de Vendas', '1992-01-01', 1, 2, 4),
       (5, '10000005', 'Carlos Costa', 'Morada', '200000005', 800.00, 'Chefe de Vendas', '1993-01-01', 1, 2, 4),
       (6, '10000006', 'Daniela R.', 'Morada', '200000006', 800.00, 'Chefe de Vendas', '1994-01-01', 1, 2, 4),
       (7, '10000007', 'Eduardo P.', 'Morada', '200000007', 800.00, 'Chefe de Vendas', '1995-01-01', 1, 2, 4),
       (8, '10000008', 'Func 1', 'Morada', '200000008', 900.00, 'Operário', '1990-01-01', 2, NULL, 1),
       (9, '10000009', 'Func 2', 'Morada', '200000009', 900.00, 'Operário', '1990-01-01', 2, NULL, 1),
       (10, '10000010', 'Func 3', 'Morada', '200000010', 900.00, 'Operário', '1990-01-01', 3, NULL, 9),
       (11, '10000011', 'Vendedor Top', 'Morada', '200000011', 950.00, 'Chefe de Vendas', '1995-05-05', 1, 2, 4),
       (12, '10000012', 'Func 12', 'A', '200000012', 800, 'Cat', '1990-01-01', 4, NULL, 6),
       (13, '10000013', 'Func 13', 'A', '200000013', 800, 'Cat', '1990-01-01', 5, NULL, 10),
       (14, '10000014', 'Func 14', 'A', '200000014', 800, 'Cat', '1990-01-01', 6, NULL, 1),
       (15, '10000015', 'Func 15', 'A', '200000015', 800, 'Cat', '1990-01-01', 7, NULL, 1),
       (16, '10000016', 'Func 16', 'A', '200000016', 800, 'Cat', '1990-01-01', 8, NULL, 2),
       (17, '10000017', 'Func 17', 'A', '200000017', 800, 'Cat', '1990-01-01', 9, NULL, 2),
       (18, '10000018', 'Func 18', 'A', '200000018', 800, 'Cat', '1990-01-01', 10, NULL, 3),
       (19, '10000019', 'Func 19', 'A', '200000019', 800, 'Cat', '1990-01-01', 11, NULL, 3),
       (20, '10000020', 'Func 20', 'A', '200000020', 800, 'Cat', '1990-01-01', 12, NULL, 4),
       (21, '10000021', 'Func 21', 'A', '200000021', 800, 'Cat', '1990-01-01', 13, NULL, 4),
       (22, '10000022', 'Func 22', 'A', '200000022', 800, 'Cat', '1990-01-01', 14, NULL, 5),
       (23, '10000023', 'Func 23', 'A', '200000023', 800, 'Cat', '1990-01-01', 15, NULL, 5),
       (24, '10000024', 'Func 24', 'A', '200000024', 800, 'Cat', '1990-01-01', 16, NULL, 6),
       (25, '10000025', 'Func 25', 'A', '200000025', 800, 'Cat', '1990-01-01', 17, NULL, 6),
       (26, '10000026', 'Func 26', 'A', '200000026', 800, 'Cat', '1990-01-01', 18, NULL, 7),
       (27, '10000027', 'Func 27', 'A', '200000027', 800, 'Cat', '1990-01-01', 19, NULL, 7),
       (28, '10000028', 'Func 28', 'A', '200000028', 800, 'Cat', '1990-01-01', 20, NULL, 8),
       (29, '10000029', 'Func 29', 'A', '200000029', 800, 'Cat', '1990-01-01', 21, NULL, 8),
       (30, '10000030', 'Func 30', 'A', '200000030', 800, 'Cat', '1990-01-01', 22, NULL, 9);
GO

-- 6. Customers (Clientes)
INSERT INTO Customer (customer_id, name, address, zip_code, mobile, tax_id, type_class, id_geo_zone)
VALUES (1, 'José Silva', 'Rua A', '4000-001', '911111111', '210000001', 'VIP', 4),
       (2, 'Maria Santos', 'Rua B', '4000-002', '911111112', '210000002', 'Normal', 4),
       (3, 'Cli 3', 'R', '1000', '9', '2', 'VIP', 1),
       (4, 'Cli 4', 'R', '1000', '9', '2', 'Normal', 1),
       (5, 'Cli 5', 'R', '1000', '9', '2', 'Normal', 2),
       (6, 'Cli 6', 'R', '1000', '9', '2', 'Normal', 2),
       (7, 'Cli 7', 'R', '1000', '9', '2', 'Normal', 3),
       (8, 'Cli 8', 'R', '1000', '9', '2', 'Normal', 3),
       (9, 'Cli 9', 'R', '1000', '9', '2', 'Normal', 4),
       (10, 'Cli 10', 'R', '1000', '9', '2', 'Normal', 5),
       (11, 'Cli 11', 'R', '1000', '9', '2', 'Normal', 6),
       (12, 'Cli 12', 'R', '1000', '9', '2', 'Normal', 7),
       (13, 'Cli 13', 'R', '1000', '9', '2', 'Normal', 8),
       (14, 'Cli 14', 'R', '1000', '9', '2', 'Normal', 9),
       (15, 'Cli 15', 'R', '1000', '9', '2', 'Normal', 10),
       (16, 'Cli 16', 'R', '1000', '9', '2', 'Normal', 11),
       (17, 'Cli 17', 'R', '1000', '9', '2', 'Normal', 12),
       (18, 'Cli 18', 'R', '1000', '9', '2', 'Normal', 13),
       (19, 'Cli 19', 'R', '1000', '9', '2', 'Normal', 14),
       (20, 'Cli 20', 'R', '1000', '9', '2', 'Normal', 15),
       (21, 'Cli 21', 'R', '1000', '9', '2', 'Normal', 16),
       (22, 'Cli 22', 'R', '1000', '9', '2', 'Normal', 17),
       (23, 'Cli 23', 'R', '1000', '9', '2', 'Normal', 18),
       (24, 'Cli 24', 'R', '1000', '9', '2', 'Normal', 19),
       (25, 'Cli 25', 'R', '1000', '9', '2', 'Normal', 20),
       (26, 'Cli 26', 'R', '1000', '9', '2', 'Normal', 21),
       (27, 'Cli 27', 'R', '1000', '9', '2', 'Normal', 22),
       (28, 'Cli 28', 'R', '1000', '9', '2', 'Normal', 23),
       (29, 'Cli 29', 'R', '1000', '9', '2', 'Normal', 24),
       (30, 'Cli 30', 'R', '1000', '9', '2', 'Normal', 25);
GO

-- 7. Products (Artigos)
-- Query 2.6 strict requirement: "Produto espetacular." must be exact.
INSERT INTO Product (product_ref, name, description, purchase_price, current_sell_price, unit_type)
VALUES (1, 'Martelo', 'Martelo pesado', 5.00, 10.00, 'unidade'),
       (2, 'Caixa de Pregos', 'Caixa de 100', 1.00, 2.50, 'caixa'),
       (3, 'Tinta Azul', 'Lata de 5L', 15.00, 30.00, 'lata'),
       (99, 'Produto espetacular.', 'Muito espetacular', 500.00, 1000.00, 'unidade'), -- Valor exato do enunciado
       (4, 'Prod 4', 'Desc', 10, 20, 'uni'),
       (5, 'Prod 5', 'Desc', 10, 20, 'uni'),
       (6, 'Prod 6', 'Desc', 10, 20, 'uni'),
       (7, 'Prod 7', 'Desc', 10, 20, 'uni'),
       (8, 'Prod 8', 'Desc', 10, 20, 'uni'),
       (9, 'Prod 9', 'Desc', 10, 20, 'uni'),
       (10, 'Prod 10', 'Desc', 10, 20, 'uni'),
       (11, 'Prod 11', 'Desc', 10, 20, 'uni'),
       (12, 'Prod 12', 'Desc', 10, 20, 'uni'),
       (13, 'Prod 13', 'Desc', 10, 20, 'uni'),
       (14, 'Prod 14', 'Desc', 10, 20, 'uni'),
       (15, 'Prod 15', 'Desc', 10, 20, 'uni'),
       (16, 'Prod 16', 'Desc', 10, 20, 'uni'),
       (17, 'Prod 17', 'Desc', 10, 20, 'uni'),
       (18, 'Prod 18', 'Desc', 10, 20, 'uni'),
       (19, 'Prod 19', 'Desc', 10, 20, 'uni'),
       (20, 'Prod 20', 'Desc', 10, 20, 'uni'),
       (21, 'Prod 21', 'Desc', 10, 20, 'uni'),
       (22, 'Prod 22', 'Desc', 10, 20, 'uni'),
       (23, 'Prod 23', 'Desc', 10, 20, 'uni'),
       (24, 'Prod 24', 'Desc', 10, 20, 'uni'),
       (25, 'Prod 25', 'Desc', 10, 20, 'uni'),
       (26, 'Prod 26', 'Desc', 10, 20, 'uni'),
       (27, 'Prod 27', 'Desc', 10, 20, 'uni'),
       (28, 'Prod 28', 'Desc', 10, 20, 'uni'),
       (29, 'Prod 29', 'Desc', 10, 20, 'uni'),
       (30, 'Prod 30', 'Desc', 10, 20, 'uni');
GO

-- 8. Price History (Histórico de Preços)
INSERT INTO PriceHistory (history_id, product_ref, sell_price, start_date, end_date)
VALUES (1, 1, 9.00, '2020-01-01', '2024-01-01'),
       (2, 1, 10.00, '2024-01-02', NULL),
       (3, 2, 2.00, '2020-01-01', NULL),
       (4, 3, 28.00, '2020-01-01', NULL),
       (5, 4, 19.00, '2020-01-01', NULL),
       (6, 5, 19.00, '2020-01-01', NULL),
       (7, 6, 19.00, '2020-01-01', NULL),
       (8, 7, 19.00, '2020-01-01', NULL),
       (9, 8, 19.00, '2020-01-01', NULL),
       (10, 9, 19.00, '2020-01-01', NULL),
       (11, 10, 19.00, '2020-01-01', NULL),
       (12, 11, 19.00, '2020-01-01', NULL),
       (13, 12, 19.00, '2020-01-01', NULL),
       (14, 13, 19.00, '2020-01-01', NULL),
       (15, 14, 19.00, '2020-01-01', NULL),
       (16, 15, 19.00, '2020-01-01', NULL),
       (17, 16, 19.00, '2020-01-01', NULL),
       (18, 17, 19.00, '2020-01-01', NULL),
       (19, 18, 19.00, '2020-01-01', NULL),
       (20, 19, 19.00, '2020-01-01', NULL),
       (21, 20, 19.00, '2020-01-01', NULL),
       (22, 21, 19.00, '2020-01-01', NULL),
       (23, 22, 19.00, '2020-01-01', NULL),
       (24, 23, 19.00, '2020-01-01', NULL),
       (25, 24, 19.00, '2020-01-01', NULL),
       (26, 25, 19.00, '2020-01-01', NULL),
       (27, 26, 19.00, '2020-01-01', NULL),
       (28, 27, 19.00, '2020-01-01', NULL),
       (29, 28, 19.00, '2020-01-01', NULL),
       (30, 29, 19.00, '2020-01-01', NULL),
       (31, 30, 19.00, '2020-01-01', NULL);
GO

-- 9. Warehouse Stock Definitions (Definição Stock)
-- Query 2.7 needs stocks 50% above minimum
INSERT INTO WarehouseStockDefinition (warehouse_id, product_ref, min_stock)
VALUES (1, 1, 10),
       (1, 2, 20),
       (2, 1, 5),
       (2, 99, 1),
       (3, 1, 10),
       (3, 2, 10),
       (3, 3, 10),
       (4, 1, 10),
       (4, 4, 10),
       (5, 1, 10),
       (5, 5, 10),
       (6, 1, 10),
       (6, 6, 10),
       (7, 1, 10),
       (8, 1, 10),
       (9, 1, 10),
       (10, 1, 10),
       (11, 1, 10),
       (12, 1, 10),
       (13, 1, 10),
       (14, 1, 10),
       (15, 1, 10),
       (16, 1, 10),
       (17, 1, 10),
       (18, 1, 10),
       (19, 1, 10),
       (20, 1, 10),
       (21, 1, 10),
       (22, 1, 10),
       (23, 1, 10),
       (24, 1, 10),
       (25, 1, 10),
       (26, 1, 10),
       (27, 1, 10);
GO

-- 10. Stock (Quantidade em Zonas)
-- Query 2.7: Product 1 in Warehouse 1 has 20 units (Min is 10). 20 >= 10 + (10*0.5) -> 20 >= 15. TRUE.
INSERT INTO Stock (physical_zone_id, product_ref, quantity)
VALUES (3, 1, 20),
       (1, 1, 100),
       (1, 99, 10),
       (2, 1, 0),
       (3, 2, 50),
       (4, 1, 5),
       (4, 2, 5),
       (5, 1, 50),
       (6, 1, 50),
       (7, 1, 50),
       (8, 1, 50),
       (9, 1, 50),
       (10, 1, 50),
       (11, 1, 50),
       (12, 1, 50),
       (13, 1, 50),
       (14, 1, 50),
       (15, 1, 50),
       (16, 1, 50),
       (17, 1, 50),
       (18, 1, 50),
       (19, 1, 50),
       (20, 1, 50),
       (21, 1, 50),
       (22, 1, 50),
       (23, 1, 50),
       (24, 1, 50),
       (25, 1, 50),
       (26, 1, 50),
       (27, 1, 50),
       (28, 1, 50),
       (29, 1, 50),
       (30, 1, 50);
GO

-- 11. Sales Orders (Encomendas)
INSERT INTO SalesOrder (order_id, registration_date, customer_id, salesperson_id, status)
VALUES (1, '2015-05-01', 1, 11, 'Processada'),
       (2, '2015-06-01', 1, 2, 'Processada'),
       (3, '2018-06-01', 1, 3, 'Processada'),
       (4, '2018-04-01', 2, 3, 'Pendente'),
       (5, '2019-01-01', 1, 3, 'Processada'),
       (6, '2019-02-01', 1, 3, 'Processada'),
       (7, '2024-01-01', 3, 4, 'Processada'),
       (8, '2024-01-01', 3, 4, 'Processada'),
       (9, '2024-01-01', 3, 4, 'Processada'),
       (10, '2024-01-01', 3, 4, 'Processada'),
       (11, '2024-01-01', 3, 4, 'Processada'),
       (12, '2024-01-01', 3, 4, 'Processada'),
       (13, '2024-01-01', 3, 4, 'Processada'),
       (14, '2024-01-01', 3, 4, 'Processada'),
       (15, '2024-01-01', 3, 4, 'Processada'),
       (16, '2024-01-01', 3, 4, 'Processada'),
       (17, '2024-01-01', 3, 4, 'Processada'),
       (18, '2024-01-01', 3, 4, 'Processada'),
       (19, '2024-01-01', 3, 4, 'Processada'),
       (20, '2024-01-01', 3, 4, 'Processada'),
       (21, '2024-01-01', 3, 4, 'Processada'),
       (22, '2024-01-01', 3, 4, 'Processada'),
       (23, '2024-01-01', 3, 4, 'Processada'),
       (24, '2024-01-01', 3, 4, 'Processada'),
       (25, '2024-01-01', 3, 4, 'Processada'),
       (26, '2024-01-01', 3, 4, 'Processada'),
       (27, '2024-01-01', 3, 4, 'Processada'),
       (28, '2024-01-01', 3, 4, 'Processada'),
       (29, '2024-01-01', 3, 4, 'Processada'),
       (30, '2024-01-01', 3, 4, 'Processada');
GO

-- 12. Sales Order Lines (Linhas de Encomenda)
INSERT INTO SalesOrderLine (order_id, product_ref, quantity)
VALUES (1, 99, 2),
       (2, 1, 1),
       (3, 1, 5),
       (5, 1, 5),
       (7, 1, 1),
       (8, 1, 1),
       (9, 1, 1),
       (10, 1, 1),
       (11, 1, 1),
       (12, 1, 1),
       (13, 1, 1),
       (14, 1, 1),
       (15, 1, 1),
       (16, 1, 1),
       (17, 1, 1),
       (18, 1, 1),
       (19, 1, 1),
       (20, 1, 1),
       (21, 1, 1),
       (22, 1, 1),
       (23, 1, 1),
       (24, 1, 1),
       (25, 1, 1),
       (26, 1, 1),
       (27, 1, 1),
       (28, 1, 1),
       (29, 1, 1),
       (30, 1, 1),
       (6, 1, 1),
       (4, 1, 1);
GO

-- 13. Dispatch Notes (Guias de Saída)
-- Query 2.9: June-Aug 2018, Time < 10am, Gap > 10 days.
INSERT INTO DispatchNote (dispatch_id, creation_date, creation_time, resp_employee_id, order_id)
VALUES (1, '2018-06-15', '09:00', 3, 3),
       (2, '2019-01-02', '14:00', 3, 5),
       (3, '2024-01-02', '10:00', 4, 7),
       (4, '2024-01-02', '10:00', 4, 8),
       (5, '2024-01-02', '10:00', 4, 9),
       (6, '2024-01-02', '10:00', 4, 10),
       (7, '2024-01-02', '10:00', 4, 11),
       (8, '2024-01-02', '10:00', 4, 12),
       (9, '2024-01-02', '10:00', 4, 13),
       (10, '2024-01-02', '10:00', 4, 14),
       (11, '2024-01-02', '10:00', 4, 15),
       (12, '2024-01-02', '10:00', 4, 16),
       (13, '2024-01-02', '10:00', 4, 17),
       (14, '2024-01-02', '10:00', 4, 18),
       (15, '2024-01-02', '10:00', 4, 19),
       (16, '2024-01-02', '10:00', 4, 20),
       (17, '2024-01-02', '10:00', 4, 21),
       (18, '2024-01-02', '10:00', 4, 22),
       (19, '2024-01-02', '10:00', 4, 23),
       (20, '2024-01-02', '10:00', 4, 24),
       (21, '2024-01-02', '10:00', 4, 25),
       (22, '2024-01-02', '10:00', 4, 26),
       (23, '2024-01-02', '10:00', 4, 27),
       (24, '2024-01-02', '10:00', 4, 28),
       (25, '2024-01-02', '10:00', 4, 29),
       (26, '2024-01-02', '10:00', 4, 30),
       (27, '2024-01-02', '10:00', 4, 1),
       (28, '2024-01-02', '10:00', 4, 2),
       (29, '2024-01-02', '10:00', 4, 5),
       (30, '2024-01-02', '10:00', 4, 6);
GO

-- 14. Dispatch Note Lines (Linhas de Guia)
INSERT INTO DispatchNoteLine (dispatch_id, product_ref, physical_zone_id, quantity)
VALUES (1, 1, 3, 5),
       (2, 1, 3, 5),
       (3, 1, 4, 1),
       (4, 1, 4, 1),
       (5, 1, 4, 1),
       (6, 1, 4, 1),
       (7, 1, 4, 1),
       (8, 1, 4, 1),
       (9, 1, 4, 1),
       (10, 1, 4, 1),
       (11, 1, 4, 1),
       (12, 1, 4, 1),
       (13, 1, 4, 1),
       (14, 1, 4, 1),
       (15, 1, 4, 1),
       (16, 1, 4, 1),
       (17, 1, 4, 1),
       (18, 1, 4, 1),
       (19, 1, 4, 1),
       (20, 1, 4, 1),
       (21, 1, 4, 1),
       (22, 1, 4, 1),
       (23, 1, 4, 1),
       (24, 1, 4, 1),
       (25, 1, 4, 1),
       (26, 1, 4, 1),
       (27, 1, 4, 1),
       (28, 1, 4, 1),
       (29, 1, 4, 1),
       (30, 1, 4, 1);
GO

-- 15. Transports (Transportes)
INSERT INTO Transport (transport_id, carrier_id, dispatch_id, transport_datetime, hours_used)
VALUES (1, 1, 1, '2018-06-15 10:00:00', 2.5),
       (2, 1, 2, '2019-01-02 15:00:00', 1.0),
       (3, 2, 3, GETDATE(), 1),
       (4, 2, 4, GETDATE(), 1),
       (5, 2, 5, GETDATE(), 1),
       (6, 2, 6, GETDATE(), 1),
       (7, 2, 7, GETDATE(), 1),
       (8, 2, 8, GETDATE(), 1),
       (9, 2, 9, GETDATE(), 1),
       (10, 2, 10, GETDATE(), 1),
       (11, 2, 11, GETDATE(), 1),
       (12, 2, 12, GETDATE(), 1),
       (13, 2, 13, GETDATE(), 1),
       (14, 2, 14, GETDATE(), 1),
       (15, 2, 15, GETDATE(), 1),
       (16, 2, 16, GETDATE(), 1),
       (17, 2, 17, GETDATE(), 1),
       (18, 2, 18, GETDATE(), 1),
       (19, 2, 19, GETDATE(), 1),
       (20, 2, 20, GETDATE(), 1),
       (21, 2, 21, GETDATE(), 1),
       (22, 2, 22, GETDATE(), 1),
       (23, 2, 23, GETDATE(), 1),
       (24, 2, 24, GETDATE(), 1),
       (25, 2, 25, GETDATE(), 1),
       (26, 2, 26, GETDATE(), 1),
       (27, 2, 27, GETDATE(), 1),
       (28, 2, 28, GETDATE(), 1),
       (29, 2, 29, GETDATE(), 1),
       (30, 2, 30, GETDATE(), 1);
GO